month,return_pct,equity_end
2025-10,0.7584911918278703,1007.5849119182787
2025-11,1.9677588342129626,1027.4117530347476
2025-12,1.214692738704981,1039.8916489954622
2026-01,-0.9506428783623289,1030.0059930916022
2026-02,-0.1432415776202789,1028.5305962575144
