month,equity_end,equity_start,pnl,ret_pct
2025-09,1007.3056818905197,1000.0,7.305681890519736,0.7305681890519722
2025-10,1003.3653682230879,1007.3056818905197,-3.9403136674318375,-0.39117357702546096
2025-11,1018.7918061975727,1003.3653682230879,15.42643797448477,1.5374696459580006
2025-12,1051.347391111269,1018.7918061975727,32.55558491369629,3.195509103592342
2026-01,1059.2896193467377,1051.347391111269,7.942228235468747,0.7554332947051767
2026-02,1059.2472893683876,1059.2896193467377,-0.0423299783501534,-0.0039960722334142496
